<?xml version="1.0" encoding="windows-1252"?>
<Collection name="Site Explorer" guid="{5426E6D5-05A8-4A87-B535-CD0FABA04F29}" system="Yes" updatable="Yes" blockNavigatorNode="No">
	<HelpLink>http://support.contensive.com/Site-Explorer-Collection</HelpLink>
	<Help></Help>
	<Addon name="Site Explorer" guid="{74E221AC-D198-4505-ABB2-832258D399DC}" type="Tool">
		<Copy></Copy>
		<CopyText></CopyText>
		<ActiveXProgramID><![CDATA[aoSiteExplorer.ContentClass]]></ActiveXProgramID>
		<DotNetClass></DotNetClass>
		<ArgumentList></ArgumentList>
		<AsAjax>No</AsAjax>
		<Filter>No</Filter>
		<Help></Help>
		<HelpLink></HelpLink>
		<Icon Link="" width="0" height="0" sprites="0" />
		<InIframe>No</InIframe>
		<BlockEditTools>Yes</BlockEditTools>
		<FormXML></FormXML>
		<IncludeAddon name="NavBase" guid="{5DEDEC60-81CD-4E46-B55C-D10C2BB4C4C7}"/>
		<IsInline>No</IsInline>
		<JavascriptOnLoad></JavascriptOnLoad>
		<JavascriptInHead></JavascriptInHead>
		<JavascriptBodyEnd></JavascriptBodyEnd>
		<MetaDescription></MetaDescription>
		<OtherHeadTags></OtherHeadTags>
		<Content>No</Content>
		<Template>No</Template>
		<Email>No</Email>
		<Admin>No</Admin>
		<OnPageEndEvent>No</OnPageEndEvent>
		<OnPageStartEvent>No</OnPageStartEvent>
		<OnBodyStart>No</OnBodyStart>
		<OnBodyEnd>No</OnBodyEnd>
		<RemoteMethod>No</RemoteMethod>
		<ProcessRunOnce>No</ProcessRunOnce>
		<ProcessInterval>0</ProcessInterval>
		<PageTitle><![CDATA[Site Explorer]]></PageTitle>
		<RemoteAssetLink></RemoteAssetLink>
		<Styles><![CDATA[


.SiteExplorerCon {}
.SiteExplorerCon .NavCon {padding:10px;}
.SiteExplorerCon .NavCon .NodeCon {white-space:nowrap;}
.SiteExplorerCon .NavCon .NodeCon A {white-space:nowrap;}
.SiteExplorerCon .NavCon .NodeEmptyCon {white-space:nowrap;}
.SiteExplorerCon .NavCon .NodeChildCon {white-space:nowrap;margin-left:20px;}

]]></Styles>
		<Scripting Language="" EntryPoint="" Timeout="5000"/>
	</Addon>
	<Addon name="Site Explorer Remote Method" guid="{A48244D5-7399-468C-82F5-05CA6B95CD40}" type="Add-on">
		<Copy></Copy>
		<CopyText></CopyText>
		<ActiveXProgramID><![CDATA[aoSiteExplorer.RemoteMethodClass]]></ActiveXProgramID>
		<DotNetClass></DotNetClass>
		<ArgumentList></ArgumentList>
		<AsAjax>No</AsAjax>
		<Filter>No</Filter>
		<Help></Help>
		<HelpLink></HelpLink>
		<Icon Link="" width="0" height="0" sprites="0" />
		<InIframe>No</InIframe>
		<BlockEditTools>No</BlockEditTools>
		<FormXML></FormXML>
		<IsInline>No</IsInline>
		<JavascriptOnLoad></JavascriptOnLoad>
		<JavascriptInHead></JavascriptInHead>
		<JavascriptBodyEnd></JavascriptBodyEnd>
		<MetaDescription></MetaDescription>
		<OtherHeadTags></OtherHeadTags>
		<Content>No</Content>
		<Template>No</Template>
		<Email>No</Email>
		<Admin>No</Admin>
		<OnPageEndEvent>No</OnPageEndEvent>
		<OnPageStartEvent>No</OnPageStartEvent>
		<OnBodyStart>No</OnBodyStart>
		<OnBodyEnd>No</OnBodyEnd>
		<RemoteMethod>Yes</RemoteMethod>
		<ProcessRunOnce>No</ProcessRunOnce>
		<ProcessInterval>0</ProcessInterval>
		<PageTitle></PageTitle>
		<RemoteAssetLink></RemoteAssetLink>
		<Styles></Styles>
		<Scripting Language="" EntryPoint="" Timeout="5000"/>
	</Addon>
	<ImportCollection name="Navigator Base">{35781FB2-57B5-44C2-8F3B-D0DDA010AFA8}</ImportCollection>
	<Resource name="aositeexplorer.dll" type="executable" path="" />
</Collection>